{"accuracy": [0.5999004244804382, 0.8654953837394714, 0.9162671566009521, 0.9397823214530945, 0.955274224281311, 0.964179515838623, 0.9723308682441711, 0.9762714505195618, 0.9788604974746704, 0.981022834777832], "loss": [1.351891040802002, 0.42638251185417175, 0.26058337092399597, 0.18237733840942383, 0.13590499758720398, 0.10773288458585739, 0.08839333802461624, 0.07270245254039764, 0.06513749063014984, 0.0583147294819355], "val_accuracy": [0.831777811050415, 0.9171409010887146, 0.9368882179260254, 0.9413840174674988, 0.958285927772522, 0.9611882567405701, 0.9617573618888855, 0.9618711471557617, 0.9647166132926941, 0.9706920385360718], "val_loss": [0.5330289602279663, 0.25065046548843384, 0.19769106805324554, 0.18429283797740936, 0.13206717371940613, 0.12546060979366302, 0.12056262046098709, 0.13296401500701904, 0.11604669690132141, 0.09831973910331726]}